City ID,City,Cloudiness,Country,Humidity,Lat,Lng,Temperature,Wind Speed
2014369,Ulety,10,RU,86,51.3572,112.4849,13.56,1.92
1636308,Manokwari,99,ID,72,-0.8667,134.0833,26.5,3.13
3874787,Punta Arenas,75,CL,61,-53.15,-70.9167,7.96,10.8
4035715,Avarua,75,CK,83,-21.2078,-159.775,24.03,6.17
5106841,Albany,14,US,54,42.6001,-73.9662,24.46,0.45
2075265,Busselton,100,AU,65,-33.65,115.3333,11.98,2.09
4013679,Coahuayana Viejo,90,MX,55,18.7333,-103.6833,31.97,1.71
5282297,Bethel,75,US,46,41.3712,-73.414,28.45,3.6
2017155,Saskylakh,100,RU,90,71.9167,114.0833,16.56,4.04
3652764,Puerto Ayora,88,EC,84,-0.7393,-90.3518,22.53,3.13
3567834,Baracoa,69,CU,64,20.3467,-74.4958,29.97,5.87
214389,Kaniama,2,CD,27,-7.5667,24.1833,26.74,1.43
2206939,Bluff,91,NZ,70,-46.6,168.3333,3.22,4.92
2163355,Hobart,100,AU,84,-42.8794,147.3294,5.05,3.6
693700,Skalat,89,UA,40,49.4273,25.9787,26.56,4.48
3471451,Arraial do Cabo,20,BR,56,-22.9661,-42.0278,21.92,7.2
3981069,Tres Palos,74,MX,65,18.1833,-101.6167,29.25,0.75
2012530,Zhigansk,100,RU,86,66.7697,123.3711,17.46,3.73
1735106,George Town,20,MY,92,5.4112,100.3354,27.05,2.06
5847411,Kahului,20,US,68,20.8947,-156.47,23.01,0.0
866062,Iskateley,61,RU,58,67.6803,53.1512,17.15,4.52
1819729,Hong Kong,30,HK,86,22.2855,114.1577,29.19,0.89
5557293,Sitka,100,US,88,57.0531,-135.33,15.94,2.06
3665202,Aripuanã,7,BR,18,-9.1667,-60.6333,36.2,1.0
1728675,Balabac,100,PH,82,7.9868,117.0645,27.22,2.49
4030556,Rikitea,26,PF,75,-23.1203,-134.9692,22.7,7.59
964420,Port Elizabeth,0,ZA,75,-33.918,25.5701,12.95,8.49
4021858,Guerrero Negro,56,MX,54,27.9769,-114.0611,25.04,2.75
2065594,Mount Isa,68,AU,71,-20.7333,139.5,8.87,0.0
6185377,Yellowknife,40,CA,63,62.456,-114.3525,17.29,2.57
286621,Salalah,75,OM,88,17.0151,54.0924,25.05,2.57
2347758,Bara,100,NG,77,10.3744,10.7288,24.84,2.31
3693584,Pimentel,0,PE,60,-6.8367,-79.9342,21.16,7.2
934322,Mahébourg,40,MU,83,-20.4081,57.7,20.16,6.69
1015776,Bredasdorp,93,ZA,88,-34.5322,20.0403,10.06,3.32
4032243,Vaini,20,TO,94,-21.2,-175.2,24.09,3.6
934479,Grand Gaube,54,MU,76,-20.0064,57.6608,20.77,3.13
1495812,Ous,96,RU,51,60.9058,61.5186,22.09,1.95
1529102,Ürümqi,20,CN,36,43.801,87.6005,26.53,3.0
2310046,Bata,48,GQ,83,1.8639,9.7658,24.84,4.82
3833367,Ushuaia,40,AR,75,-54.8,-68.3,5.81,11.32
1516048,Khovd,29,MN,33,48.0056,91.6419,21.05,2.94
3932145,Pisco,0,PE,72,-13.7,-76.2167,17.03,3.6
789045,Kriva Palanka,34,MK,43,42.2019,22.3319,27.57,0.92
1651810,Airai,74,TL,92,-8.9266,125.4092,13.43,1.37
1262824,Mon,100,IN,99,26.75,95.1,21.97,1.22
1791464,Wenling,14,CN,89,28.3669,121.36,26.14,1.16
3663142,Novo Aripuanã,88,BR,31,-5.1206,-60.3797,35.01,0.74
3836873,San Miguel de Tucumán,39,AR,38,-26.8241,-65.2226,23.0,1.54
2971030,Valentigney,67,FR,34,47.4639,6.8317,27.17,1.39
4034307,Mahina,20,PF,83,-17.5065,-149.489,22.87,1.54
5354943,Half Moon Bay,75,US,79,37.4636,-122.4286,19.07,4.63
5688025,Bismarck,0,US,52,46.8083,-100.7837,28.86,3.09
4552969,The Village,0,US,70,35.5609,-97.5514,25.68,3.6
5880054,Barrow,100,US,84,71.2906,-156.7887,3.29,3.53
546105,Nikolskoye,15,RU,88,59.7035,30.7861,17.68,3.02
2541479,Nador,75,MA,83,35.174,-2.9287,28.14,3.6
1831112,Kampot,100,KH,85,10.6167,104.1833,28.03,2.56
5969025,Haines Junction,98,CA,67,60.7522,-137.5108,15.97,0.51
390054,Baft,100,IR,83,29.234,56.6057,16.74,1.87
6201424,Mataura,67,NZ,98,-46.1927,168.8643,3.04,1.58
2449893,Tessalit,38,ML,42,20.1986,1.0114,29.58,11.04
5364271,Laguna,0,US,63,38.421,-121.4238,23.4,3.09
3870282,Talcahuano,0,CL,66,-36.7167,-73.1167,11.82,3.09
2015913,Suntar,65,RU,92,62.1444,117.6319,16.25,0.97
3393536,Olinda,75,BR,88,-8.0089,-34.8553,23.85,2.57
964432,Port Alfred,76,ZA,78,-33.5906,26.891,12.32,0.89
3883457,Lebu,100,CL,75,-37.6167,-73.65,11.42,4.43
4020109,Atuona,9,PF,77,-9.8,-139.0333,24.8,7.1
2112802,Hasaki,12,JP,92,35.7333,140.8333,25.22,4.27
2137773,Vao,100,NC,86,-22.6667,167.4833,19.17,11.52
371745,Kutum,95,SD,45,14.2,24.6667,28.29,5.76
1282256,Hithadhoo,100,MV,76,-0.6,73.0833,27.38,7.7
2171099,Codrington,100,AU,76,-38.2667,141.9667,9.5,7.58
1863521,Gōtsuchō,100,JP,73,35.0,132.2167,27.48,5.03
1317402,Kyaikkami,100,MM,82,16.08,97.5675,27.83,4.18
3369157,Cape Town,75,ZA,84,-33.9258,18.4232,11.07,1.54
610864,Khani,53,GE,87,41.9563,42.9566,19.76,1.14
2208248,Kaitangata,52,NZ,91,-46.2817,169.8464,2.72,4.35
1283217,Khanbari,94,NP,91,27.3747,87.2039,23.32,0.24
6111862,Port Hardy,20,CA,82,50.6996,-127.4199,18.1,2.57
5344157,Dublin,0,US,66,37.7021,-121.9358,19.86,4.12
296895,Yerköy,0,TR,27,39.6381,34.4672,26.54,3.2
2013639,Verkhnevilyuysk,1,RU,93,63.4453,120.3167,15.42,1.36
6943820,Murdochville,66,CA,88,48.9583,-65.5006,13.49,2.96
610298,Beyneu,44,KZ,45,45.3167,55.2,28.37,5.69
3423146,Ilulissat,75,GL,93,69.2167,-51.1,8.01,2.06
160961,Bukoba,17,TZ,71,-1.3317,31.8122,20.78,1.33
2303611,Esim,100,GH,74,4.8699,-2.2405,24.65,4.5
5110365,Broome,75,US,55,42.2506,-75.833,24.62,4.63
2022572,Khatanga,79,RU,92,71.9667,102.5,13.43,2.15
3466704,Castro,2,BR,35,-24.7911,-50.0119,17.94,1.59
5367788,Lompoc,0,US,83,34.6391,-120.4579,19.86,0.45
1808106,Hongjiang,27,CN,61,27.11,109.9956,24.98,0.5
3985710,Cabo San Lucas,40,MX,48,22.8909,-109.9124,31.17,5.14
695516,Rokytne,74,UA,53,51.2796,27.214,24.0,5.44
1268814,Joshīmath,100,IN,96,30.5667,79.5667,21.55,1.04
2184707,Wanaka,82,NZ,92,-44.7,169.15,-2.03,2.09
3839307,Rawson,6,AR,50,-43.3002,-65.1023,10.75,4.24
2277060,Gbarnga,99,LR,63,6.9956,-9.4722,26.76,1.67
5848280,Kapaa,40,US,88,22.0752,-159.319,24.55,5.14
2126199,Cherskiy,68,RU,66,68.75,161.3,9.91,4.86
215771,Isiro,75,CD,92,2.7739,27.616,20.27,0.59
2090021,Namatanai,75,PG,75,-3.6667,152.4333,25.68,3.7
1805733,Jinchang,90,CN,48,38.4953,102.1739,24.63,3.52
2156643,Mount Gambier,100,AU,81,-37.8333,140.7667,8.55,4.75
2455290,Kidal,16,ML,22,18.4411,1.4078,38.15,4.1
2180815,Tuatapere,97,NZ,87,-46.1333,167.6833,3.39,2.26
1636806,Majene,93,ID,89,-3.5403,118.9707,25.35,4.75
3424607,Tasiilaq,4,GL,66,65.6145,-37.6368,11.09,0.66
10722858,Forsytheganj,93,BY,71,52.6333,29.7333,20.37,2.79
4513583,Hamilton,0,US,47,39.1834,-84.5333,27.1,0.89
1244926,Hambantota,100,LK,84,6.1241,81.1185,26.61,5.77
1507390,Dikson,82,RU,90,73.5069,80.5464,4.68,6.14
704422,Krasnoarmiys'k,56,UA,35,48.282,37.1758,24.51,6.48
1152222,Mae Hong Son,100,TH,88,19.3003,97.9685,25.84,0.82
2264557,Ponta do Sol,0,PT,74,32.6667,-17.1,25.06,2.0
1492566,Severo-Yeniseyskiy,51,RU,87,60.3725,93.0408,17.9,1.11
933759,Ghanzi,4,BW,22,-21.5667,21.7833,19.51,3.93
4328254,Iberia,100,US,83,29.9502,-91.7507,25.81,3.09
2112309,Katsuura,1,JP,90,35.1333,140.3,26.54,6.27
3855065,General Roca,100,AR,43,-39.0333,-67.5833,13.12,5.13
3451138,Rio Grande,1,BR,57,-32.035,-52.0986,17.19,0.25
2618795,Klaksvík,79,FO,85,62.2266,-6.589,11.51,7.43
3359638,Walvis Bay,8,NA,82,-22.9575,14.5053,14.53,6.17
5882953,Aklavik,100,CA,81,68.2191,-135.0107,8.0,1.54
6089245,Norman Wells,75,CA,77,65.282,-126.8329,14.02,2.06
2263458,Santiago do Cacém,3,PT,76,38.0169,-8.6948,21.13,4.04
2215163,Masallātah,0,LY,49,32.6167,14.0,29.18,5.02
2094342,Kavieng,74,PG,80,-2.5744,150.7967,26.93,5.43
3662761,Porto Walter,5,BR,38,-8.2686,-72.7439,34.47,0.33
5855927,Hilo,100,US,95,19.7297,-155.09,22.09,3.6
2012349,Krasnyy Chikoy,83,RU,85,50.3643,108.7512,12.76,0.8
3443061,Chui,0,UY,57,-33.6971,-53.4616,15.05,1.06
4705041,Lakeway,0,US,43,30.3638,-97.9796,34.65,5.66
4031574,Provideniya,100,RU,76,64.3833,-173.3,9.63,0.87
3522526,Nuevo Progreso,52,MX,58,23.1667,-97.95,30.72,3.13
1633419,Padang,88,ID,82,-0.9492,100.3543,25.3,1.31
2112077,Kuroiso,47,JP,93,36.9667,140.05,23.08,1.02
541349,Krasnyy Yar,74,RU,44,46.5331,48.3456,28.96,3.22
1798537,Hanyang,81,CN,85,32.1371,105.5126,23.81,0.63
3385077,Conde,75,BR,78,-7.2597,-34.9075,26.7,3.6
528242,Mayskiy,48,RU,40,47.6931,40.1025,28.67,4.02
5122534,Jamestown,40,US,54,42.097,-79.2353,22.64,5.14
6162951,Terrace Bay,44,CA,78,48.7834,-87.1,13.91,3.0
3412093,Vestmannaeyjar,0,IS,76,63.4427,-20.2734,11.55,11.83
886763,Masvingo,0,ZW,24,-20.0637,30.8277,16.24,1.94
4111382,Forrest City,100,US,70,35.0081,-90.7898,27.82,0.97
5229794,Mitchell,0,US,42,43.7094,-98.0298,27.99,9.77
3466165,Cidreira,1,BR,60,-30.1811,-50.2056,15.43,2.13
2088659,Panguna,35,PG,94,-6.3164,155.4848,18.64,0.96
2396853,Omboué,84,GA,79,-1.5746,9.2618,23.53,3.51
4034551,Faanui,5,PF,71,-16.4833,-151.75,26.08,11.22
2067089,Maningrida,20,AU,79,-12.0667,134.2667,18.88,3.7
2151955,Redcliffe,75,AU,82,-27.2307,153.0973,12.26,2.57
553955,Kalnibolotskaya,62,RU,44,46.0058,40.4568,28.39,6.32
1506268,Gornopravdinsk,41,RU,71,60.05,69.9,18.63,2.17
986717,Kruisfontein,58,ZA,63,-34.0033,24.7314,11.98,6.71
2456917,Goundam,28,ML,36,16.4145,-3.6708,33.73,4.73
3421765,Nanortalik,14,GL,86,60.1432,-45.2371,8.2,5.19
290030,Doha,0,QA,68,25.2867,51.5333,33.97,5.14
1631637,Pemangkat,100,ID,89,1.1667,108.9667,25.22,2.53
2110227,Butaritari,37,KI,72,3.0707,172.7902,27.27,7.09
3655131,La Libertad,0,EC,78,-2.2333,-80.9,23.81,3.09
3460087,Jardim,2,BR,24,-21.4803,-56.1381,26.77,1.63
3141667,Roald,0,NO,82,62.5833,6.1333,16.54,3.6
5742974,North Bend,100,US,94,43.4065,-124.2243,16.43,4.12
1807681,Huainan,21,CN,93,32.6264,116.9969,25.09,2.34
3366880,Hermanus,96,ZA,81,-34.4187,19.2345,9.89,3.74
1006984,East London,81,ZA,69,-33.0153,27.9116,15.53,6.48
556268,Ostrovnoy,65,RU,97,68.0531,39.5131,13.17,3.29
5720495,Coos Bay,100,US,94,43.3665,-124.2179,16.4,4.12
3395503,Marabá,40,BR,46,-5.3686,-49.1178,34.1,2.06
5546220,Saint George,0,US,50,37.1041,-113.5841,30.03,2.68
5972762,Hay River,62,CA,68,60.8156,-115.7999,17.99,2.57
6620339,Karratha,100,AU,57,-20.7377,116.8463,22.65,2.93
2177069,Ballina,84,AU,99,-28.8667,153.5667,11.68,1.09
2070998,Geraldton,100,AU,82,-28.7667,114.6,12.23,4.12
2123814,Leningradskiy,100,RU,76,69.3833,178.4167,7.06,2.25
2059470,Victor Harbor,100,AU,50,-35.5667,138.6167,13.89,0.89
2460954,Araouane,27,ML,28,18.9048,-3.5265,36.64,3.25
2236967,Soyo,18,AO,84,-6.1349,12.3689,22.12,3.26
928534,Kasungu,4,MW,53,-13.0333,33.4833,18.7,3.14
337405,Gambēla,98,ET,96,8.25,34.5833,21.92,1.17
1254046,Tura,99,IN,97,25.5198,90.2201,23.75,2.42
1496476,Nyagan,100,RU,93,62.1406,65.3936,18.14,2.45
1052944,Angoche,54,MZ,72,-16.2325,39.9086,23.38,3.4
3672086,Pizarro,95,CO,83,4.9533,-77.366,27.05,3.24
2643044,Margate,96,GB,67,51.3813,1.3862,22.68,1.79
2192362,Christchurch,100,NZ,91,-43.5333,172.6333,4.68,5.14
1626703,Soe,85,ID,89,-9.8607,124.284,18.1,1.63
2301400,Dunkwa,100,GH,72,5.9656,-1.78,25.43,2.81
6096551,Pangnirtung,100,CA,52,66.1451,-65.7125,18.0,7.72
6113406,Prince Rupert,100,CA,96,54.3161,-130.3201,16.18,1.54
2729907,Longyearbyen,75,SJ,87,78.2186,15.6401,9.91,1.03
2396518,Port-Gentil,20,GA,78,-0.7193,8.7815,24.98,4.63
1804609,Laibin,15,CN,70,23.7,109.2667,27.42,1.42
598655,Smalininkai,99,LT,70,55.0735,22.5793,18.44,2.84
1502073,Krasnosel'kup,84,RU,62,65.7,82.4667,15.22,8.21
3372964,Lagoa,0,PT,69,39.05,-27.9833,23.03,2.04
3361934,Saldanha,2,ZA,74,-33.0117,17.9442,12.03,3.76
2138555,Poum,92,NC,79,-20.2333,164.0167,22.09,12.31
3416888,Grindavik,75,IS,87,63.8424,-22.4338,10.26,6.17
777019,Vardø,100,NO,93,70.3705,31.1107,9.99,7.2
2074865,Carnarvon,58,AU,60,-24.8667,113.6333,17.13,7.9
3372760,Praia da Vitória,20,PT,69,38.7333,-27.0667,26.14,1.86
189741,Lamu,6,KE,85,-2.2717,40.902,24.12,5.82
4032369,Pangai,5,TO,88,-19.8,-174.35,25.03,8.5
6148373,Sioux Lookout,75,CA,57,50.1001,-91.917,25.04,5.14
3355595,Mariental,71,NA,19,-24.6333,17.9667,15.66,4.96
6170031,Tuktoyaktuk,75,CA,75,69.4541,-133.0374,4.0,1.03
3126369,Carballo,0,ES,82,43.213,-8.691,22.37,5.87
494970,Sheltozero,100,RU,75,61.3667,35.3667,15.17,4.1
2738381,Lata,0,PT,43,40.1629,-8.3327,30.83,4.73
2063042,Port Hedland,97,AU,63,-20.3167,118.5667,18.03,0.0
110690,Faya,58,SA,53,18.3851,42.4509,21.29,2.18
2121385,Severo-Kuril'sk,80,RU,93,50.6789,156.125,11.08,3.15
3939761,Hualmay,15,PE,69,-11.0964,-77.6139,19.42,3.34
2450173,Taoudenni,37,ML,16,22.6783,-3.9836,42.75,2.86
3175096,Laas,75,IT,52,46.6166,10.7002,21.26,3.08
4026082,Lázaro Cárdenas,66,MX,55,17.9583,-102.2,30.81,2.2
2063036,Port Lincoln,100,AU,78,-34.7333,135.8667,12.34,6.08
499025,Samoded,49,RU,85,63.6083,40.5111,16.58,2.05
2402689,Zimmi,91,SL,62,7.3153,-11.3061,27.25,2.75
3358666,Aranos,28,NA,20,-24.1333,19.1167,16.9,5.36
5686121,Whitefish,0,US,50,48.4111,-114.3376,26.17,2.57
184379,Narok,62,KE,79,-1.0783,35.8601,15.63,2.67
218253,Bondo,100,CD,97,3.8146,23.6866,21.42,0.93
946973,Tzaneen,4,ZA,36,-23.8332,30.1635,18.85,0.85
2014624,Udachny,98,RU,88,66.4167,112.4,19.14,1.93
1497497,Nizhniy Ingash,86,RU,99,56.2,96.53,16.6,3.27
895953,Zambezi,2,ZM,23,-13.5432,23.1047,20.23,2.07
1489853,Tazovsky,0,RU,68,67.4667,78.7,9.49,7.0
361291,Hurghada,6,EG,40,27.2574,33.8129,32.15,6.2
3831208,Qaanaaq,29,GL,65,77.484,-69.3632,6.59,2.9
2315728,Gemena,32,CD,75,3.25,19.7667,24.03,1.29
6063191,Mackenzie,0,CA,60,55.2999,-123.1698,23.12,2.57
2121197,Sinegor'ye,21,RU,64,62.0788,150.477,9.71,3.3
2235776,Akonolinga,80,CM,79,3.7667,12.25,23.01,2.02
1490256,Talnakh,28,RU,68,69.4865,88.3972,10.67,6.63
2158767,Mareeba,62,AU,90,-17.0,145.4333,16.92,0.97
3533462,Acapulco de Juárez,75,MX,70,16.8634,-99.8901,29.9,2.57
2155415,New Norfolk,100,AU,78,-42.7826,147.0587,5.38,1.39
233093,Kaabong,80,UG,81,3.4836,34.1492,17.91,2.28
4193042,Effingham County,91,US,40,32.3669,-81.3332,33.12,2.84
1489822,Tegul'det,100,RU,89,57.3064,88.1667,18.23,1.65
935215,Saint-Philippe,41,RE,77,-21.3585,55.7679,19.44,7.07
6050066,La Ronge,100,CA,52,55.1001,-105.2842,18.14,4.12
5955902,Fort Nelson,100,CA,82,58.8053,-122.7002,14.77,0.0
6175059,Wainwright,100,CA,78,52.839,-110.8572,19.53,2.11
1809062,Haimen,19,CN,84,23.1935,116.6142,28.94,3.34
1786657,Yinchuan,15,CN,69,38.4681,106.2731,23.63,3.18
1106677,Bambous Virieux,40,MU,83,-20.3428,57.7575,20.14,6.69
2181625,Te Anau,45,NZ,93,-45.4167,167.7167,-1.64,0.52
5386035,Rancho Palos Verdes,75,US,81,33.7445,-118.387,22.04,2.57
1082243,Ambilobe,30,MG,77,-13.2,49.05,21.62,2.04
3870243,Taltal,72,CL,66,-25.4,-70.4833,16.27,1.42
3372707,Ribeira Grande,75,PT,73,38.5167,-28.7,25.22,4.12
217695,Bunia,60,CD,96,1.5667,30.25,17.67,1.81
3181628,Bracciano,9,IT,54,42.1031,12.1754,29.0,4.45
3466980,Caravelas,22,BR,62,-17.7125,-39.2481,26.63,2.66
4845585,Westport,40,US,45,41.1415,-73.3579,29.2,5.66
1151073,Prachuap Khiri Khan,100,TH,91,12.2167,99.75,28.1,1.77
608270,Shubarshi,30,KZ,36,48.5872,57.1869,25.19,4.92
2015306,Tiksi,89,RU,81,71.6872,128.8694,8.99,1.25
1259385,Port Blair,97,IN,80,11.6667,92.75,28.02,4.22
2646557,Horsham,20,GB,62,51.064,-0.3272,23.33,3.6
3418910,Upernavik,97,GL,76,72.7868,-56.1549,7.3,1.86
4036284,Alofi,2,NU,83,-19.0595,-169.9187,22.94,3.09
6165406,Thompson,75,CA,55,55.7435,-97.8558,17.09,2.06
2249281,Linguère,0,SN,55,15.3953,-15.1193,32.12,3.09
2092164,Lorengau,63,PG,71,-2.0226,147.2712,27.16,3.07
3628473,San Cristobal,33,VE,44,7.7669,-72.225,28.1,3.47
2191562,Dunedin,100,NZ,71,-45.8742,170.5036,5.45,3.58
4726521,San Patricio,43,US,39,28.017,-97.5169,34.01,5.78
3372783,Ponta Delgada,40,PT,78,37.7333,-25.6667,23.4,2.57
1278969,Along,67,IN,98,28.1667,94.7667,24.12,0.4
486645,Sukhobezvodnoye,58,RU,69,57.0491,44.8891,17.78,2.8
1513491,Yangi Marg`ilon,100,UZ,23,40.4272,71.7189,30.4,5.14
1737486,Bintulu,40,MY,94,3.1667,113.0333,25.23,1.54
5134295,Rome,75,US,61,43.2128,-75.4557,23.55,7.2
161974,Bereket,17,TM,37,39.2446,55.5154,31.93,6.55
86049,Jalu,0,LY,13,29.0331,21.5482,35.84,4.55
1529376,Korla,45,CN,32,41.7597,86.1469,26.17,2.01
2012780,Zabaykal'sk,100,RU,93,49.6333,117.3167,16.93,1.95
5850554,Makakilo City,0,US,73,21.3469,-158.0858,24.59,5.14
2194098,Ahipara,52,NZ,79,-35.1667,173.1667,11.65,6.32
3393922,Nísia Floresta,100,BR,97,-6.0911,-35.2086,28.21,2.7
8079926,Labuhan,75,ID,79,-6.8844,112.2051,24.6,2.64
2126710,Beringovskiy,100,RU,76,63.05,179.3167,9.36,1.06
932960,Werda,43,BW,24,-25.2667,23.2833,16.83,4.53
5866583,Saint Paul Harbor,100,US,88,57.79,-152.4072,13.73,0.0
3430863,Mar del Plata,0,AR,68,-38.0023,-57.5575,13.18,3.6
1609043,Lom Sak,100,TH,88,16.7798,101.2422,25.81,0.9
3146487,Raudeberg,99,NO,78,61.9875,5.1352,14.37,10.92
64814,Bandarbeyla,6,SO,82,9.4942,50.8122,24.65,13.42
3893726,Constitución,100,CL,65,-35.3333,-72.4167,13.61,0.48
2028164,Deputatsky,99,RU,88,69.3,139.9,9.51,1.26
476982,Varnavino,53,RU,68,57.4035,45.0916,18.37,2.3
2071860,Esperance,94,AU,73,-33.8667,121.9,9.58,8.49
6167817,Torbay,100,CA,92,47.6666,-52.7314,18.1,9.77
1685422,Sulangan,100,PH,76,11.1373,123.7228,28.24,0.9
6255012,Flinders,47,AU,78,-34.5833,150.8552,7.47,2.24
779082,Lakselv,100,NO,76,70.0513,24.9718,12.9,3.09
3374083,Bathsheba,40,BB,86,13.2167,-59.5167,29.47,10.29
2240449,Luanda,0,AO,69,-8.8368,13.2343,24.0,4.12
3347019,Mossamedes,4,AO,81,-15.1961,12.1522,17.37,2.65
132938,Gonbad-e Kāvūs,40,IR,65,37.25,55.1672,28.95,3.09
2122293,Ozernovskiy,97,RU,97,51.5,156.5167,11.12,2.42
6945979,Lillooet,0,CA,27,50.6856,-121.942,28.46,0.03
3389822,Salinópolis,29,BR,65,-0.6136,-47.3561,29.5,4.85
3614663,Brus Laguna,59,HN,82,15.75,-84.4833,28.09,2.62
3836669,San Rafael,80,AR,26,-34.6177,-68.3301,16.87,3.83
697739,Perehonivka,90,UA,27,48.5355,30.5192,28.54,6.2
690648,Usatove,19,UA,33,46.533,30.6596,27.87,2.2
933995,Souillac,40,MU,83,-20.5167,57.5167,20.21,6.69
2377457,Nouadhibou,8,MR,73,20.931,-17.0347,23.99,9.77
2162683,Innisfail,100,AU,86,-17.5333,146.0333,19.83,3.01
2020738,Litovko,26,RU,95,49.2361,135.1742,19.64,2.13
4034438,Haapiti,3,PF,70,-17.5667,-149.8667,22.62,9.9
5563839,Fortuna,100,US,92,40.5982,-124.1573,15.65,0.0
3994469,Ojinaga,0,MX,40,29.5667,-104.4167,32.56,0.0
2399371,Makokou,48,GA,67,0.5738,12.8642,24.94,1.8
1852357,Shimoda,32,JP,91,34.6667,138.95,26.72,4.9
780687,Berlevåg,75,NO,87,70.8578,29.0864,9.89,5.66
3115093,Olot,74,ES,60,42.181,2.4901,26.73,1.59
2636638,Stromness,100,GB,82,58.965,-3.296,13.26,4.47
6144195,Senneterre,97,CA,58,48.3835,-77.2328,21.46,3.54
1806840,Huilong,96,CN,93,31.8111,121.655,25.74,3.51
1639304,Kualakapuas,100,ID,98,-3.0091,114.3876,23.3,0.52
2036892,Hohhot,0,CN,77,40.8106,111.6522,19.16,1.0
935616,Le Port,33,RE,58,-20.9373,55.2919,20.49,4.33
1258686,Rāmgarh,100,IN,65,23.6333,85.5167,28.03,2.67
3408269,Afuá,85,BR,63,-0.1567,-50.3867,30.54,2.37
2219235,Ubari,0,LY,12,26.5921,12.7805,37.29,5.55
2109701,Auki,34,SB,89,-8.7676,160.7034,24.35,1.62
4328010,Houma,82,US,71,29.5958,-90.7195,31.11,2.24
5795906,Graham,0,US,60,47.0529,-122.2943,27.61,1.54
5924351,Clyde River,100,CA,100,70.4692,-68.5914,4.13,6.17
1337617,Muli,100,MV,84,2.9167,73.5667,26.06,8.74
217562,Butembo,93,CD,99,0.15,29.2833,14.78,0.21
2027316,Ayan,97,RU,95,56.45,138.1667,13.69,1.0
4938048,Grafton,40,US,44,42.207,-71.6856,27.39,7.2
5962442,Goderich,34,CA,64,43.7501,-81.7165,21.18,4.12
4362001,Mayo,0,US,49,38.8876,-76.5119,29.27,4.02
625144,Bolshevik,94,BY,64,54.0065,27.5692,20.79,2.73
364933,Umm Kaddadah,60,SD,38,13.6017,26.6876,32.63,4.51
2212775,Sabha,0,LY,10,27.0377,14.4283,37.15,4.0
686090,Asău,74,RO,88,46.4333,26.4,24.41,1.62
1810637,Ganzhou,22,CN,81,28.8184,115.4327,26.18,1.61
3386213,Touros,78,BR,83,-5.1989,-35.4608,25.55,5.19
2244991,Tambacounda,93,SN,70,13.7539,-13.7586,28.92,4.4
2084442,Vanimo,68,PG,90,-2.6741,141.3028,24.61,2.32
6144312,Sept-Îles,75,CA,75,50.2001,-66.3821,21.1,5.14
1510377,Belyy Yar,0,RU,72,53.6039,91.3903,19.36,1.0
6171633,Ucluelet,0,CA,64,48.9329,-125.5528,14.17,1.91
1064275,Ihosy,38,MG,89,-22.4,46.1167,15.91,3.23
2139521,Noumea,100,NC,99,-22.2763,166.4572,21.11,6.36
3489657,Lucea,11,JM,72,18.451,-78.1736,31.03,7.45
6137462,Saint-Augustin,83,CA,59,51.226,-58.6502,22.71,7.67
1714733,Dingle,97,PH,86,10.9995,122.6711,24.22,1.68
2034691,Songjianghe,89,CN,97,42.1859,127.479,18.78,1.51
3598787,Champerico,67,GT,74,14.3,-91.9167,32.3,2.87
1798760,Pingliang,53,CN,88,35.5392,106.6861,20.84,1.67
178443,Wajir,69,KE,41,1.7471,40.0573,29.52,9.81
3448903,São João da Barra,81,BR,64,-21.6403,-41.0511,22.05,6.63
3421982,Maniitsoq,100,GL,88,65.4167,-52.9,7.01,5.5
4034496,Fare,0,PF,68,-16.7,-151.0167,26.02,10.88
1842966,Gijang,95,KR,94,35.2442,129.2139,27.85,2.86
2120048,Ust-Nera,96,RU,62,64.5667,143.2,17.38,1.6
515879,Oktyabr'skiy,48,RU,73,54.4815,53.471,17.93,1.52
6111696,Port-Cartier,95,CA,65,50.0334,-66.8654,20.86,3.39
3662489,Santa Isabel Rio Negro,53,BR,59,-0.4139,-65.0192,30.81,1.67
2209055,Waddān,0,LY,15,29.1614,16.139,36.13,5.99
1859964,Kaseda-shirakame,100,JP,88,31.4167,130.3167,26.93,10.82
5392171,San Jose,75,US,68,37.3394,-121.895,21.96,0.45
2126123,Chokurdakh,1,RU,88,70.6333,147.9167,9.54,1.57
3899361,Arica,100,CL,72,-18.475,-70.3042,16.13,3.6
3385899,Tutóia,77,BR,69,-2.7619,-42.2744,28.85,5.01
787237,Kacarevo,81,RS,66,44.9666,20.6995,24.07,3.39
216281,Goma,85,CD,88,-1.6792,29.2228,17.76,0.67
3984997,San Quintín,33,MX,62,30.4833,-115.95,23.61,4.0
2175819,Biloela,40,AU,81,-24.4167,150.5,10.6,3.46
3698359,Chicama,37,PE,61,-7.8447,-79.1469,16.3,4.15
2387495,Carnot,36,CF,96,4.9409,15.8665,21.6,1.16
1801850,Luorong,10,CN,83,24.4058,109.6086,25.37,1.23
3991622,La Providencia,46,MX,64,28.7167,-111.5833,31.36,4.48
2427336,Moussoro,84,TD,51,13.6408,16.4901,30.44,5.96
2174444,Bowen,97,AU,82,-20.0167,148.2333,19.29,7.11
2126682,Bilibino,30,RU,66,68.0546,166.4372,9.61,1.33
4946620,Palmer,40,US,48,42.1584,-72.3287,27.05,7.2
5861897,Fairbanks,75,US,60,64.8378,-147.7164,15.72,2.57
3860443,Comodoro Rivadavia,0,AR,40,-45.8667,-67.5,10.92,5.66
3442727,Durazno,0,UY,55,-33.4131,-56.5006,15.97,2.06
3382160,Cayenne,8,GF,7,4.9333,-52.3333,28.94,5.14
315621,Emirdağ,0,TR,30,39.0197,31.15,25.27,2.54
3385883,Uauá,13,BR,26,-9.8414,-39.4817,32.82,2.43
4172445,Seminole,20,US,59,28.7086,-81.2081,33.67,3.6
5380437,Pacific Grove,40,US,87,36.6177,-121.9166,16.69,3.6
1520381,Ordzhonīkīdze,100,KZ,78,52.4411,61.7408,17.87,3.97
2176639,Batemans Bay,66,AU,76,-35.7167,150.1833,7.83,3.15
5554428,Ketchikan,100,US,94,55.3422,-131.6461,18.26,5.14
553416,Kamenskiy,68,RU,74,50.8855,45.488,20.71,3.61
143073,Ardakān,61,IR,31,32.31,54.0175,32.88,2.53
3541440,Sagua la Grande,95,CU,70,22.8067,-80.0756,28.55,6.73
5101798,Newark,20,US,38,40.7357,-74.1724,30.32,6.71
608872,Makat,59,KZ,27,47.6469,53.3463,29.67,5.42
5703673,Elko,0,US,24,41.0002,-115.5012,31.11,2.24
2035836,Manzhouli,99,CN,94,49.6,117.4333,16.39,1.72
2037485,Erenhot,27,CN,51,43.6475,111.9767,22.9,6.01
3374210,São Filipe,96,CV,77,14.8961,-24.4956,25.42,4.06
5983720,Iqaluit,100,CA,100,63.7506,-68.5145,4.83,2.57
3936456,Lima,40,PE,68,-12.0432,-77.0282,17.14,6.17
3354540,Omaruru,2,NA,27,-21.4333,15.9333,14.67,2.78
913323,Kaoma,5,ZM,29,-14.7833,24.8,17.19,1.71
2318123,Yenagoa,100,NG,85,4.9247,6.2642,24.37,3.16
2019718,Mukhen,30,RU,97,48.1,136.1,20.24,2.01
703261,Lenine,0,UA,63,45.2986,35.7771,24.95,3.08
1566346,Thai Binh,37,VN,82,20.45,106.3333,28.44,3.3
4031742,Egvekinot,100,RU,56,66.3167,-179.1667,9.43,0.49
2027244,Bagdarin,45,RU,97,54.4333,113.6,11.29,0.53
3133983,Trofors,18,NO,55,65.5333,13.4063,23.82,1.48
3382867,Totness,49,SR,67,5.8833,-56.3167,28.92,3.27
460568,Cesvaine,20,LV,71,56.9667,26.3167,14.89,2.17
1002145,George,0,ZA,81,-33.963,22.4617,8.75,3.09
545467,Konëvo,21,RU,94,62.1215,39.3192,13.69,2.1
1731298,Aloleng,97,PH,81,16.1307,119.7824,27.58,6.26
2412408,Nioro,97,GM,77,13.35,-15.75,27.31,4.66
3083826,Szczecinek,100,PL,50,53.7079,16.6994,19.72,1.49
1259056,Rāghogarh,99,IN,78,24.45,77.2,26.45,3.48
2100933,Ambunti,42,PG,97,-4.2365,142.8448,22.3,0.53
1862505,Hirara,97,JP,76,24.8,125.2833,29.18,3.41
5134086,Rochester,75,US,64,43.1548,-77.6156,23.63,3.6
2998149,Arrondissement de Lisieux,37,FR,70,49.1667,0.1667,21.57,4.35
2246901,Oussouye,100,SN,82,12.485,-16.5469,27.05,5.5
3460531,Ituaçu,3,BR,19,-13.8133,-41.2967,31.67,3.0
2021031,Kyren,42,RU,83,51.6828,102.1408,14.05,1.01
506232,Porosozero,100,RU,97,62.7191,32.727,9.41,3.26
2656708,Ayr,40,GB,82,55.4627,-4.6339,18.07,3.6
1493162,Salym,38,RU,81,60.0625,71.4789,16.84,2.16
2122493,Omsukchan,45,RU,82,62.5333,155.8,8.16,2.24
2013727,Vanavara,87,RU,98,60.34,102.2797,15.3,1.46
1515029,Ulaangom,12,MN,56,49.9811,92.0667,19.3,1.08
3939168,Huarmey,87,PE,69,-10.0681,-78.1522,20.18,4.09
1688154,Santa Filomena,100,PH,78,9.7518,123.3446,27.04,1.79
2959479,Adendorf,91,DE,62,53.2819,10.4379,22.18,1.85
1261932,Nāndūra Buzurg,93,IN,78,20.8333,76.45,27.15,1.99
3979216,Camalú,33,MX,61,30.85,-116.0667,24.38,3.5
7117100,Vila,0,PT,37,42.0304,-8.1588,29.83,3.31
3395458,Maragogi,89,BR,77,-9.0122,-35.2225,26.27,4.43
4031637,Lavrentiya,100,RU,75,65.5833,-171.0,7.0,1.68
2120591,Tilichiki,100,RU,94,60.4667,166.1,9.7,3.27
2255564,Ouésso,10,CG,61,1.6136,16.0517,24.92,0.84
2654970,Brae,67,GB,81,60.3964,-1.353,12.69,6.45
2160517,Launceston,100,AU,86,-41.45,147.1667,8.0,5.66
1058080,Nosy Varika,1,MG,85,-20.5833,48.5333,19.78,2.58
2409215,Mattru,88,SL,67,7.6244,-11.8332,26.12,2.69
694548,Sencha,39,UA,63,50.2548,33.346,19.52,3.11
1805857,Jieshi,13,CN,81,22.8134,115.8257,28.84,4.6
5364022,La Palma,75,US,74,33.8464,-118.0467,23.7,2.06
3176739,Formello,28,IT,54,42.0801,12.3998,29.82,3.17
2629833,Husavik,100,IS,90,66.0449,-17.3389,6.27,10.63
3899695,Ancud,90,CL,63,-41.8697,-73.8203,8.46,1.41
3992154,Potam,39,MX,52,27.6,-110.3833,32.49,3.55
1701054,Marawi,100,PH,92,7.9986,124.2928,20.64,1.14
542464,Krasnoarmeysk,80,RU,72,51.0239,45.6969,21.06,3.61
515966,Oksovskiy,25,RU,89,62.6062,39.8984,14.08,1.98
6690296,Saint-Joseph,39,RE,75,-21.3667,55.6167,18.87,6.45
72181,Marzuq,8,YE,61,14.4,46.4667,27.59,3.63
2094027,Kieta,35,PG,82,-6.2167,155.6333,25.24,2.99
4231997,Avera,71,US,38,33.194,-82.5271,31.63,3.7
113659,Tabas,19,IR,21,33.5959,56.9244,35.78,6.03
6166142,Thunder Bay,75,CA,50,48.4001,-89.3168,25.95,5.14
1505965,Igrim,89,RU,75,63.1906,64.4162,18.22,4.35
5052916,Willmar,0,US,51,45.1219,-95.0433,27.92,3.6
3666409,Uribia,46,CO,40,11.7139,-72.266,33.76,10.13
3139597,Sistranda,83,NO,79,63.7256,8.834,15.98,2.35
2297834,Mpraeso,100,GH,75,6.5932,-0.7346,23.13,1.36
1634614,Nabire,99,ID,93,-3.3667,135.4833,23.66,1.57
1259813,Phalodi,100,IN,62,27.1333,72.3667,30.42,8.17
2255285,Sibiti,25,CG,58,-3.6819,13.3499,24.11,2.85
3466296,Chapecó,0,BR,55,-27.0964,-52.6183,14.86,3.09
211734,Lisala,86,CD,92,2.15,21.5167,21.55,0.88
915471,Kalabo,25,ZM,24,-14.97,22.6814,18.63,1.04
3421719,Narsaq,28,GL,72,60.9167,-46.05,17.12,3.48
4393451,Kennett,100,US,100,36.2362,-90.0556,19.97,4.63
107304,Buraidah,97,SA,38,26.326,43.975,38.25,5.36
3769976,Puerto Gaitán,56,CO,64,4.3133,-72.0816,29.21,0.63
2027296,Aykhal,100,RU,83,66.0,111.5,17.44,1.74
5711847,Astoria,100,US,86,46.1879,-123.8313,17.88,1.54
1274824,Champawat,88,IN,95,29.3333,80.1,17.18,1.88
2640351,Peterhead,92,GB,88,57.5058,-1.7981,18.61,4.79
5336667,Chowchilla,0,US,57,37.123,-120.2602,25.96,2.06
3667202,Tibú,22,CO,43,8.639,-72.7358,34.66,1.27
3537845,Santa Cruz del Norte,21,CU,71,23.1539,-81.9236,29.24,7.91
1817858,Babu,91,CN,90,24.4167,111.5167,24.48,0.77
3391889,Pitimbu,100,BR,92,-7.4706,-34.8086,27.33,3.72
3516376,Tamiahua,100,MX,63,21.2667,-97.45,29.87,3.08
1650232,Banjar,69,ID,89,-8.19,114.9675,22.13,2.63
5313667,Sedona,75,US,60,34.8697,-111.761,26.34,0.0
3893629,Coquimbo,75,CL,67,-29.9533,-71.3436,14.85,2.06
2636790,Stornoway,100,GB,67,58.2093,-6.3865,15.02,6.17
779554,Honningsvåg,100,NO,76,70.9821,25.9704,12.86,4.63
2152659,Port Macquarie,28,AU,85,-31.4333,152.9167,6.05,2.04
2036338,Kaitong,23,CN,97,44.8135,123.15,22.27,4.69
3472344,América Dourada,2,BR,18,-11.4553,-41.4361,32.84,2.79
1795166,Shima,42,CN,86,24.4478,117.8111,29.01,1.65
5540831,Hurricane,85,US,34,37.1753,-113.2899,27.75,1.24
6453316,Tromsø,0,NO,48,69.6496,18.957,18.01,4.63
1788852,Xining,52,CN,87,36.6167,101.7667,12.51,2.3
3372472,Vila Franca do Campo,82,PT,68,37.7167,-25.4333,23.23,2.18
2132606,Samarai,18,PG,82,-10.6167,150.6667,26.04,4.21
5870133,Nome,0,US,59,64.5011,-165.4064,12.04,3.6
3471368,Astorga,1,BR,20,-23.2325,-51.6656,21.13,2.11
3579925,St. George's,29,GD,72,12.0564,-61.7485,28.58,6.92
376332,Doka,89,SD,75,13.5167,35.7667,25.01,2.59
636947,Siilinjärvi,100,FI,87,63.0833,27.6667,11.01,3.6
3470137,Belmonte,5,BR,69,-15.8631,-38.8828,26.49,4.86
3420846,Qaqortoq,21,GL,84,60.7167,-46.0333,8.47,3.24
5309858,Prescott Valley,40,US,65,34.5894,-112.3252,24.89,1.54
2399001,Mayumba,61,GA,89,-3.432,10.6554,21.98,1.89
463637,Zernograd,73,RU,61,46.8452,40.3083,24.72,4.15
1685634,Sual,98,PH,87,16.0668,120.0941,25.65,2.54
1028434,Quelimane,20,MZ,78,-17.8786,36.8883,21.97,3.6
1649150,Bengkulu,100,ID,84,-3.8004,102.2655,25.2,1.6
2654755,Bridgend,95,GB,90,51.5058,-3.5772,18.09,4.92
3697441,El Alto,6,PE,72,-4.2714,-81.2147,21.81,6.41
6355222,Yulara,100,AU,57,-25.2406,130.9889,13.95,3.98
749778,Çanakkale Province,0,TR,60,40.0833,26.8333,27.32,3.66
3414079,Olafsvik,14,IS,63,64.8945,-23.7142,10.47,4.99
3883167,Linares,100,CL,65,-35.85,-71.6,13.52,1.53
576093,Blagoyevo,75,RU,71,63.3667,47.9167,20.07,1.72
2127060,Arman',45,RU,91,59.7,150.1667,11.12,1.46
554318,Kalevala,100,RU,99,65.2,31.1667,11.67,1.0
3645213,Coro,11,VE,55,11.4045,-69.6734,31.65,9.54
2314705,Kikwit,13,CD,26,-5.041,18.8162,28.97,1.14
2122090,Pevek,86,RU,72,69.7008,170.3133,6.76,6.28
580584,Askarovo,75,RU,72,53.3372,58.5089,16.17,2.0
2127202,Anadyr,0,RU,93,64.75,177.4833,6.28,2.0
2271542,Armação de Pêra,0,PT,53,37.1026,-8.357,27.83,2.88
1276486,Belūr,78,IN,83,13.1667,75.8667,22.12,1.66
3136690,Stokmarknes,7,NO,63,68.5646,14.9108,17.99,3.09
4146440,Avon Park,14,US,60,27.5959,-81.5062,33.73,4.42
1167501,Goth Radhan,90,PK,64,27.1833,67.95,32.82,3.89
2636276,Tamworth,95,GB,76,52.634,-1.6959,21.32,2.24
3577430,Road Town,40,VG,74,18.4167,-64.6167,31.02,6.17
2258984,Kinkala,20,CG,36,-4.3614,14.7644,27.75,2.14
1789065,Ankang,14,CN,76,32.68,109.0172,24.46,1.27
2317397,Bandundu Province,8,CD,34,-3.3167,17.3667,30.36,1.83
1795565,Shenzhen,58,CN,90,22.5455,114.0683,28.49,0.99
939270,Witbank,22,ZA,35,-25.8713,29.2332,14.24,2.21
236844,Ouango,92,CF,93,4.3133,22.5552,21.95,0.41
3836992,San Martín,22,AR,28,-33.081,-68.4681,18.3,2.11
2630299,Hofn,100,IS,61,64.2539,-15.2082,10.55,4.43
4734350,Stephenville,0,US,32,32.2207,-98.2023,35.67,3.09
2206874,Waipawa,100,NZ,94,-41.4122,175.5153,4.71,6.75
3355672,Lüderitz,45,NA,64,-26.6481,15.1594,13.9,10.57
5849297,Kīhei,20,US,68,20.785,-156.4656,23.01,0.0
1568770,Quang Ngai,100,VN,90,15.1167,108.8,24.65,2.76
2381972,Adrar,87,MR,28,20.5022,-10.0711,36.47,2.5
359792,Aswān,0,EG,10,24.0934,32.907,39.61,5.66
847633,Alta,100,NO,59,69.9689,23.2717,15.59,7.2
3197710,Korčula,22,HR,77,42.9622,17.1369,26.56,4.79
5895424,Bay Roberts,100,CA,96,47.5999,-53.2648,20.26,2.24
625721,Lyuban',100,BY,71,52.7985,28.0048,19.61,4.42
1263649,Manoharpur,100,IN,70,27.3,75.95,27.42,2.88
1525121,Borovskoy,45,KZ,79,53.8,64.15,16.6,3.45
330534,Mīzan Teferī,100,ET,98,6.9833,35.5833,16.39,0.48
1174451,Keti Bandar,71,PK,80,24.1447,67.4497,27.88,8.21
1496503,Noyabrsk,100,RU,61,63.1994,75.4507,18.71,7.89
3933104,Pangoa,56,PE,51,-12.1167,-73.0,28.73,1.54
3421193,Paamiut,95,GL,96,61.994,-49.6678,5.94,4.08
863061,Usinsk,81,RU,63,65.9939,57.5281,15.84,5.97
1538648,Toktogul,83,KG,71,41.8708,72.9402,19.89,0.51
3694112,Paita,2,PE,72,-5.0892,-81.1144,21.39,6.68
1487860,Vagay,65,RU,93,57.9375,69.0217,14.74,2.52
2523082,Syracuse,0,IT,66,37.0881,15.2792,30.95,3.5
3393929,Nhamundá,49,BR,61,-2.1861,-56.7131,30.7,1.44
1235846,Matara,97,LK,90,5.9485,80.5353,25.31,3.13
3388847,São Félix do Xingu,13,BR,23,-6.6447,-51.995,36.68,1.33
1254709,Tezu,82,IN,98,27.9167,96.1667,24.61,1.47
527321,Mezen',71,RU,84,65.8522,44.24,17.92,2.43
3705562,Los Algarrobos,40,PA,66,8.5,-82.4333,30.23,2.06
1489530,Tobol'sk,98,RU,90,58.2,68.2667,17.22,1.89
1150965,Ranong,98,TH,89,9.9658,98.6348,26.53,4.39
400666,Rhodes,0,GR,81,36.4408,28.2225,26.55,8.75
1855540,Naze,100,JP,87,28.3667,129.4833,26.51,11.86
293842,Kiryat Gat,0,IL,100,31.61,34.7642,27.72,2.68
60019,Eyl,93,SO,82,7.9803,49.8164,24.64,10.28
